{
  "roles": [
    {
      "id": 1,
      "name": "مدیر سیستم",
      "description": "دسترسی کامل به تمام بخش‌های سامانه",
      "permissions": [
        "DASHBOARD:create", "DASHBOARD:read", "DASHBOARD:update", "DASHBOARD:delete",
        "REPORTS:create", "REPORTS:read", "REPORTS:update", "REPORTS:delete",
        "UNITS:create", "UNITS:read", "UNITS:update", "UNITS:delete",
        "PROJECTS:create", "PROJECTS:read", "PROJECTS:update", "PROJECTS:delete",
        "PERSONS:create", "PERSONS:read", "PERSONS:update", "PERSONS:delete",
        "ROLES:create", "ROLES:read", "ROLES:update", "ROLES:delete",
        "WORKFLOW:create", "WORKFLOW:read", "WORKFLOW:update", "WORKFLOW:delete",
        "CONTRACTS:create", "CONTRACTS:read", "CONTRACTS:update", "CONTRACTS:delete",
        "INTERNAL_WORKFLOWS:create", "INTERNAL_WORKFLOWS:read", "INTERNAL_WORKFLOWS:update", "INTERNAL_WORKFLOWS:delete",
        "DEBIT:create", "DEBIT:read", "DEBIT:update", "DEBIT:delete",
        "REQUEST_TYPES:create", "REQUEST_TYPES:read", "REQUEST_TYPES:update", "REQUEST_TYPES:delete",
        "PROFILE:create", "PROFILE:read", "PROFILE:update", "PROFILE:delete",
        "SECURITY:create", "SECURITY:read", "SECURITY:update", "SECURITY:delete",
        "APPEARANCE:read", "APPEARANCE:update"
      ]
    },
    {
      "id": 5,
      "name": "مدیر واحد",
      "description": "دسترسی به درخواست‌های واحد خود",
      "permissions": [
        "DASHBOARD:read",
        "DASHBOARD:create",
        "DASHBOARD:update",
        "REPORTS:read",
        "PROFILE:read",
        "PROFILE:update",
        "UNITS:read",
        "PERSONS:read",
        "PROJECTS:read",
        "CONTRACTS:read",
        "REQUEST_TYPES:read",
        "SECURITY:read"
      ]
    },
    {
      "id": 10,
      "name": "کاربر عادی",
      "description": "ثبت و پیگیری درخواست‌های خود",
      "permissions": [
        "DASHBOARD:read", "DASHBOARD:create",
        "PROFILE:read", "PROFILE:update"
      ]
    },
    {
      "id": 15,
      "name": "تنخواه گردان",
      "description": "کاربرانی که می‌توانند هزینه‌های تنخواه را ثبت و مدیریت کنند",
      "permissions": [
        "DASHBOARD:read", "DASHBOARD:create",
        "PROFILE:read", "PROFILE:update"
      ]
    }
  ],
  "units": [
    { "id": 1, "name": "هیئت مدیره", "code": "BOARD", "credit": 9999999999, "parentId": null },
    { "id": 2, "name": "امور مالی", "code": "FIN", "credit": 5000000000, "parentId": 1 },
    { "id": 5, "name": "منابع انسانی", "code": "HR", "credit": 800000000, "parentId": 1 }
  ],
  "persons": [
    { "id": 1, "fullName": "مدیر سیستم", "username": "admin", "password": "admin", "unitId": 1, "roleIds": [1, 5], "position": "مدیر عامل", "isSystemUser": true, "isBeneficiary": false },
    { "id": 2, "fullName": "مدیر مالی", "username": "finance_manager", "password": "password", "unitId": 2, "roleIds": [5], "position": "مدیر مالی", "isSystemUser": true, "isBeneficiary": false },
    { "id": 3, "fullName": "مدیر منابع انسانی", "username": "hr_manager", "password": "password", "unitId": 5, "roleIds": [5], "position": "مدیر منابع انسانی", "isSystemUser": true, "isBeneficiary": false }
  ],
  "requestCategories": [
    {
      "id": 1,
      "key": "DIRECT_PURCHASE",
      "label": "خرید مستقیم",
      "attachments": ["پیش فاکتور"],
      "subtypes": [],
      "deadlineDays": 10
    },
    {
      "id": 2,
      "key": "PETTY_CASH",
      "label": "تنخواه",
      "attachments": ["فاکتور رسمی"],
      "subtypes": [],
      "deadlineDays": 5
    },
    {
      "id": 3,
      "key": "CONTRACT",
      "label": "قرارداد",
      "attachments": ["متن قرارداد", "مدارک هویتی طرف قرارداد"],
      "subtypes": [
        { "id": 1, "label": "پیش پرداخت" },
        { "id": 2, "label": "پرداخت مرحله‌ای" },
        { "id": 3, "label": "پرداخت نهایی" }
      ],
      "deadlineDays": 30
    },
    {
      "id": 4,
      "key": "TRAVEL_EXPENSE",
      "label": "هزینه ماموریت و سفر",
      "attachments": ["بلیط/صورتحساب هتل", "فرم ماموریت"],
      "subtypes": [],
      "deadlineDays": 7
    }
  ],
  "workflows": [
    {
      "id": 201,
      "name": "فرآیند خرید و تنخواه",
      "requestCategoryId": 1,
      "steps": [
        { "id": 1, "name": "بررسی مدیر واحد", "assigneeRule": { "type": "UNIT_MANAGER" } },
        { "id": 2, "name": "بررسی مدیر مالی", "assigneeRule": { "type": "USER", "userId": 2 } },
        { "id": 3, "name": "تایید مدیر عامل", "assigneeRule": { "type": "USER", "userId": 1 } }
      ]
    },
    {
      "id": 203,
      "name": "فرآیند تنخواه",
      "requestCategoryId": 2,
      "steps": [
        { "id": 1, "name": "بررسی مدیر واحد", "assigneeRule": { "type": "UNIT_MANAGER" } },
        { "id": 2, "name": "بررسی مدیر مالی", "assigneeRule": { "type": "USER", "userId": 2 } },
        { "id": 3, "name": "تایید مدیر عامل", "assigneeRule": { "type": "USER", "userId": 1 } }
      ]
    },
    {
      "id": 204,
      "name": "فرآیند هزینه سفر",
      "requestCategoryId": 4,
       "steps": [
        { "id": 1, "name": "بررسی مدیر واحد", "assigneeRule": { "type": "UNIT_MANAGER" } },
        { "id": 2, "name": "بررسی امور اداری", "assigneeRule": { "type": "USER", "userId": 3 } },
        { "id": 3, "name": "تایید مدیر مالی", "assigneeRule": { "type": "USER", "userId": 2 } }
      ]
    },
    {
      "id": 202,
      "name": "فرآیند قرارداد",
      "requestCategoryId": 3,
      "steps": [
        { "id": 1, "name": "بررسی مدیر واحد", "assigneeRule": { "type": "UNIT_MANAGER" } },
        { "id": 2, "name": "تایید مدیر عامل", "assigneeRule": { "type": "USER", "userId": 1 } }
      ]
    }
  ],
  "supplyRequests": [],
  "projects": [],
  "debitCards": [],
  "internalWorkflows": [],
  "securitySettings": [
    {"id": 1, "roleId": 1, "resource": "DASHBOARD", "permissions": {"create": true, "read": true, "update": true, "delete": true}},
    {"id": 2, "roleId": 1, "resource": "REPORTS", "permissions": {"create": true, "read": true, "update": true, "delete": true}},
    {"id": 3, "roleId": 1, "resource": "UNITS", "permissions": {"create": true, "read": true, "update": true, "delete": true}},
    {"id": 4, "roleId": 1, "resource": "PROJECTS", "permissions": {"create": true, "read": true, "update": true, "delete": true}},
    {"id": 5, "roleId": 1, "resource": "PERSONS", "permissions": {"create": true, "read": true, "update": true, "delete": true}},
    {"id": 6, "roleId": 1, "resource": "ROLES", "permissions": {"create": true, "read": true, "update": true, "delete": true}},
    {"id": 7, "roleId": 1, "resource": "WORKFLOW", "permissions": {"create": true, "read": true, "update": true, "delete": true}},
    {"id": 8, "roleId": 1, "resource": "INTERNAL_WORKFLOWS", "permissions": {"create": true, "read": true, "update": true, "delete": true}},
    {"id": 9, "roleId": 1, "resource": "DEBIT", "permissions": {"create": true, "read": true, "update": true, "delete": true}},
    {"id": 10, "roleId": 1, "resource": "REQUEST_TYPES", "permissions": {"create": true, "read": true, "update": true, "delete": true}},
    {"id": 11, "roleId": 1, "resource": "PROFILE", "permissions": {"create": true, "read": true, "update": true, "delete": true}},
    {"id": 12, "roleId": 1, "resource": "SECURITY", "permissions": {"create": true, "read": true, "update": true, "delete": true}},
    {"id": 13, "roleId": 1, "resource": "APPEARANCE", "permissions": {"create": false, "read": true, "update": true, "delete": false}},
    {"id": 14, "roleId": 5, "resource": "DASHBOARD", "permissions": {"create": true, "read": true, "update": true, "delete": false}},
    {"id": 15, "roleId": 5, "resource": "REPORTS", "permissions": {"create": false, "read": true, "update": false, "delete": false}},
    {"id": 16, "roleId": 5, "resource": "PROFILE", "permissions": {"create": false, "read": true, "update": true, "delete": false}},
    {"id": 17, "roleId": 10, "resource": "DASHBOARD", "permissions": {"create": true, "read": true, "update": false, "delete": false}},
    {"id": 18, "roleId": 10, "resource": "PROFILE", "permissions": {"create": false, "read": true, "update": true, "delete": false}}
  ],
  "appearanceSettings": {
    "mode": "default",
    "staticImageId": null,
    "images": []
  }
}